DROP DATABASE IF EXISTS `internships`;

CREATE DATABASE `internships` /*!40100 DEFAULT CHARACTER SET utf8mb4 COLLATE utf8mb4_general_ci */;

use internships;

CREATE TABLE `status_list` (
  `status_code` int(11) NOT NULL,
  `status_name` varchar(50) NOT NULL,
  PRIMARY KEY (`status_code`)
) ENGINE=InnoDB DEFAULT CHARSET=utf8mb4 COLLATE=utf8mb4_general_ci;

CREATE TABLE `students` (
  `student_id` varchar(11) NOT NULL COMMENT 'รหัสนิสิต',
  `firstName` varchar(100) NOT NULL COMMENT 'ชื่อนิสิต',
  `lastName` varchar(100) NOT NULL COMMENT 'นามสกุลนิสิต',
  `grade` varchar(10) NOT NULL COMMENT 'ชั้นปี',
  `email` varchar(100) DEFAULT NULL COMMENT 'อีเมลนิสิต',
  `phone` varchar(100) DEFAULT NULL COMMENT 'เบอร์โทรนิสิต',
  `password` varchar(100) DEFAULT '1234' COMMENT 'รหัสผ่าน',
  `profile_img` varchar(255) DEFAULT 'default.jpg' COMMENT 'ชื่อไฟล์รูปภาพนิสิต',
  PRIMARY KEY (`student_id`)
) ENGINE=InnoDB DEFAULT CHARSET=utf8mb4 COLLATE=utf8mb4_general_ci;

CREATE TABLE `staff` (
  `staff_id` int(11) NOT NULL AUTO_INCREMENT COMMENT 'รหัสลำดับ',
  `username` varchar(100) NOT NULL COMMENT 'ชื่อ username ในการ login',
  `password` varchar(100) DEFAULT '1234' COMMENT 'รหัสผ่าน',
  `name` varchar(100) NOT NULL COMMENT 'เจ้าหน้าที่ หรือ อาจารย์',
  `role` varchar(100) DEFAULT NULL COMMENT 'admin หรือ teacher',
  PRIMARY KEY (`staff_id`),
  UNIQUE KEY `staff_unique` (`username`)
) ENGINE=InnoDB DEFAULT CHARSET=utf8mb4 COLLATE=utf8mb4_general_ci;

CREATE TABLE `companies` (
  `company_id` varchar(6) NOT NULL,
  `company_name` varchar(255) NOT NULL,
  `company_address` text NOT NULL,
  `tax_id` varchar(13) DEFAULT NULL,
  `tel` varchar(20) DEFAULT NULL,
  PRIMARY KEY (`company_id`)
) ENGINE=InnoDB DEFAULT CHARSET=utf8mb4 COLLATE=utf8mb4_general_ci;

CREATE TABLE `internship_request` (
  `request_id` int(11) NOT NULL AUTO_INCREMENT COMMENT 'เลขที่คำขอ',
  `student_id` varchar(11) NOT NULL COMMENT 'รหัสนิสิต',
  `company_id` varchar(6) NOT NULL COMMENT 'รหัสบริษัท',
  `start_date` date DEFAULT NULL COMMENT 'วันที่เริ่มฝึกงาน',
  `end_date` date DEFAULT NULL COMMENT 'วันที่สิ้นสุดการฝึกงาน',
  `status_code` int(11) DEFAULT 1 COMMENT 'สถานะการดำเนินงาน',
  `advisor_note` text DEFAULT NULL COMMENT 'บันทึกการนิเทศของอาจารย์',
  `editor` varchar(100) DEFAULT NULL COMMENT 'Editor',
  `request_date` timestamp NULL DEFAULT current_timestamp() COMMENT 'วันที่ยื่นคำขอ',
  PRIMARY KEY (`request_id`),
  KEY `internship_request_students_FK` (`student_id`),
  KEY `internship_request_status_list_FK` (`status_code`),
  KEY `internship_request_companies_FK` (`company_id`),
  CONSTRAINT `internship_request_status_list_FK` FOREIGN KEY (`status_code`) REFERENCES `status_list` (`status_code`) ON UPDATE CASCADE,
  CONSTRAINT `internship_request_students_FK` FOREIGN KEY (`student_id`) REFERENCES `students` (`student_id`) ON UPDATE cascade,
  CONSTRAINT `internship_request_companies_FK` FOREIGN KEY (`company_id`) REFERENCES `companies` (`company_id`) ON UPDATE CASCADE
) ENGINE=InnoDB DEFAULT CHARSET=utf8mb4 COLLATE=utf8mb4_general_ci;

INSERT INTO `status_list` (`status_code`, `status_name`) VALUES
(1, 'รับเรื่องเข้าระบบ'),
(2, 'อาจารย์ที่ปรึกษาอนุมัติ'),
(3, 'ออกใบส่งตัวแล้ว'),
(4, 'ฝึกงานเสร็จสิ้น'),
(9, 'ยกเลิก');

INSERT INTO `staff` (`username`, `password`, `name`, `role`) VALUES
('admin', '1234', 'เจ้าหน้าที่คณะ', 'admin'),
('teacherdit', '1234', 'DIT SUTHIWONG', 'teacher'),
('teachervipakorn', '1234', 'Vipakorn Vadhanasin', 'teacher'),
('teacherdussadee', '1234', 'Dussadee Seewungkum', 'teacher'),
('teacherthiti', '1234', 'THITI ATICHARTCHAYAKORN', 'teacher'),
('teacherchotima', '1234', 'CHOTIMA WATANA', 'teacher'),
('teacherchokthamrong', '1234', 'CHOKTHAMRONG CHONGCHORHOR', 'teacher'),
('teachersasipimol', '1234', 'Sasipimol Prapinpongsakorn', 'teacher'),
('teachersumattra', '1234', 'SUMATTRA SAENWA', 'teacher');

INSERT INTO `students` (`student_id`, `firstName`, `lastName`, `grade`, `email`, `phone`, `password`, `profile_img`) VALUES
('66101010101', 'กมล', 'ใจดี', '4', 'kamol.jaidee@swu.ac.th', '0812345001', '1234', '66101010101.jpg'),
('66101010102', 'ขวัญชัย', 'มานะ', '4', 'kwanchai.mana@swu.ac.th', '0812345002', '1234', '66101010102.jpg'),
('66101010103', 'จิราพร', 'รักษ์เรียน', '4', 'jiraporn.rakrean@swu.ac.th', '0812345003', '1234', '66101010103.jpg'),
('66101010104', 'ชัชวาล', 'เก่งกาจ', '4', 'chatchawan.kengkart@swu.ac.th', '0812345004', '1234', '66101010104.jpg'),
('66101010105', 'ณัฐพล', 'เรียนดี', '4', 'nattapol.reandee@swu.ac.th', '0812345005', '1234', '66101010105.jpg'),
('66101010106', 'ธนภัทร', 'ธนปัญญากุล', '4', 'tanapat.thanapanyakul@swu.ac.th', '0812345006', '1234', '66101010106.jpg'),
('66101010107', 'ธนพล', 'พากเพียร', '4', 'thanapol.phakphean@swu.ac.th', '0812345007', '1234', '66101010107.jpg'),
('66101010108', 'บุญส่ง', 'จริงใจ', '4', 'boonsong.jingjai@swu.ac.th', '0812345008', '1234', '66101010108.jpg'),
('66101010109', 'ปิยะมาศ', 'งามเลิศ', '4', 'piyamas.ngamlert@swu.ac.th', '0812345009', '1234', '66101010109.jpg'),
('66101010110', 'พรเทพ', 'ใจงาม', '4', 'pornthep.jaingam@swu.ac.th', '0812345010', '1234', '66101010110.jpg'),
('67101010101', 'พงสิทธิ์', 'คำภีร์', '3', 'phongsit.khampee@swu.ac.th', '0933324375', '1234', '67101010101.jpg'),
('67101010102', 'นันทวัฒน์', 'รุ่งเรืองกิจ', '3', 'nantawat.rungruengkit@swu.ac.th', '0812345678', '1234', '67101010102.jpg'),
('67101010103', 'ธัญญารัตน์', 'เลิศวิริยะ', '3', 'thanyarat.lertwiriya@swu.ac.th', '0823456789', '1234', '67101010103.jpg'),
('67101010104', 'ศุภกร', 'จันทรโชติ', '3', 'supakorn.jantarachote@swu.ac.th', '0834567890', '1234', '67101010104.jpg'),
('67101010105', 'กฤติน', 'อัศวพงศ์', '3', 'kritin.assawapong@swu.ac.th', '0845678901', '1234', '67101010105.jpg'),
('67101010106', 'วรัญญา', 'ทรัพย์แสนดี', '3', 'waranya.supsandee@swu.ac.th', '0856789012', '1234', '67101010106.jpg'),
('67101010107', 'ปณิธาน', 'เกียรติวงศ์', '3', 'panithan.kiattiwong@swu.ac.th', '0867890123', '1234', '67101010107.jpg'),
('67101010108', 'ชนิดา', 'รัตนโกสินทร์', '3', 'chanida.rattanakosin@swu.ac.th', '0878901234', '1234', '67101010108.jpg'),
('67101010109', 'พีรพล', 'สมบูรณ์ทรัพย์', '3', 'peerapol.somboonsup@swu.ac.th', '0889012345', '1234', '67101010109.jpg'),
('67101010110', 'อารยา', 'วัฒนาพานิช', '3', 'araya.wattanapanich@swu.ac.th', '0890123456', '1234', '67101010110.jpg'),
('68101010101', 'กิตติพงษ์', 'มณีรัตน์', '2', 'kittipong.maneerat@swu.ac.th', '0812345678', '1234', '68101010101.jpg'),
('68101010102', 'ธนวัฒน์', 'รุ่งเรืองกิจ', '2', 'thanawat.rungruangkit@swu.ac.th', '0823456789', '1234', '68101010102.jpg'),
('68101010103', 'ณัฐวุฒิ', 'เลิศวิริยะ', '2', 'nattawut.lertviriya@swu.ac.th', '0834567890', '1234', '68101010103.jpg'),
('68101010104', 'อภิสิทธิ์', 'สมบูรณ์ทรัพย์', '2', 'apisit.somboonsap@swu.ac.th', '0845678901', '1234', '68101010104.jpg'),
('68101010105', 'ภัทรพล', 'จันทรโอภาส', '2', 'pattarapol.jan-opas@swu.ac.th', '0856789012', '1234', '68101010105.jpg'),
('68101010106', 'ชลิตา', 'พรหมสุวรรณ', '2', 'chalita.promsuwan@swu.ac.th', '0867890123', '1234', '68101010106.jpg'),
('68101010107', 'วรัญญา', 'ศรีสวัสดิ์', '2', 'waranya.srisawat@swu.ac.th', '0878901234', '1234', '68101010107.jpg'),
('68101010108', 'สร้อยดาว', 'พิพัฒน์กุล', '2', 'soidao.pipatkul@swu.ac.th', '0889012345', '1234', '68101010108.jpg'),
('68101010109', 'พิมลพรรณ', 'ธนะโชติ', '2', 'pimonpan.tanachot@swu.ac.th', '0890123456', '1234', '68101010109.jpg'),
('68101010110', 'กนกวรรณ', 'จงเจริญ', '2', 'kanokwan.jongjaroen@swu.ac.th', '0811112222', '1234', '68101010110.jpg'),
('69101010101', 'กมลรัตน์', 'บุญประเสริฐ', '1', 'kamolrat.boonprasert@swu.ac.th', '0812345678', '1234', '69101010101.jpg'),
('69101010102', 'ธนพล', 'เจริญสุข', '1', 'thanapol.charoensuk@swu.ac.th', '0823456789', '1234', '69101010102.jpg'),
('69101010103', 'พัชรินทร์', 'ศรีสวัสดิ์', '1', 'patcharin.srisawat@swu.ac.th', '0834567890', '1234', '69101010103.jpg'),
('69101010104', 'ณัฐวุฒิ', 'ทองดี', '1', 'nuttawut.thongdee@swu.ac.th', '0845678901', '1234', '69101010104.jpg'),
('69101010105', 'วรรณพร', 'รุ่งเรือง', '1', 'wannaporn.rungrueang@swu.ac.th', '0856789012', '1234', '69101010105.jpg'),
('69101010106', 'วรัญญู', 'จิตรพงศ์', '1', 'waranyu.jitpong@swu.ac.th', '0867890123', '1234', '69101010106.jpg'),
('69101010107', 'ศิริลักษณ์', 'มณีรัตน์', '1', 'sirilak.maneerat@swu.ac.th', '0878901234', '1234', '69101010107.jpg'),
('69101010108', 'ปิยะวัฒน์', 'สุขอนันต์', '1', 'piyawat.sukonan@swu.ac.th', '0889012345', '1234', '69101010108.jpg'),
('69101010109', 'นงลักษณ์', 'พานิชกุล', '1', 'nonglak.panichkul@swu.ac.th', '0890123456', '1234', '69101010109.jpg'),
('69101010110', 'อรรถพล', 'วิเศษสมบัติ', '1', 'atthapol.wisesombat@swu.ac.th', '0811112222', '1234', '69101010110.jpg');

INSERT INTO `companies` (`company_id`, `company_name`, `company_address`, `tax_id`, `tel`) VALUES
('000001', 'บริษัท กสิกรไทย จำกัด (มหาชน)', '400/22 ถนนพหลโยธิน แขวงสามเสนใน เขตพญาไท กรุงเทพฯ 10400', '0107536000315', '02-222-0000'),
('000002', 'บริษัท ปูนซิเมนต์ไทย จำกัด (มหาชน) - SCG', '1 ถนนปูนซิเมนต์ไทย แขวงบางซื่อ เขตบางซื่อ กรุงเทพฯ 10800', '0107537000109', '02-586-3333'),
('000003', 'Google Thailand', 'อาคารพาร์คเวนเชอร์ อีโคเพล็กซ์ ถนนวิทยุ แขวงลุมพินี เขตปทุมวัน กรุงเทพฯ 10330', '0105554030615', '02-105-0000'),
('000004', 'บริษัท ปตท. จำกัด (มหาชน)', '555 ถนนวิภาวดีรังสิต แขวงจตุจักร เขตจตุจักร กรุงเทพฯ 10900', '0107544000108', '02-537-2000'),
('000005', 'บริษัท ไลน์ แมน วงใน จำกัด', 'อาคารที-วัน ชั้น 26-27 ถนนสุขุมวิท แขวงพระโขนง เขตคลองเตย กรุงเทพฯ 10110', '0105553018221', '02-026-3195'),
('000006', 'Agoda Services Co., Ltd.', '999/9 อาคารดิออฟฟิศเศส แอท เซ็นทรัลเวิลด์ ถนนพระราม 1 แขวงปทุมวัน เขตปทุมวัน กรุงเทพฯ 10330', '0105547146522', '02-625-9100'),
('000007', 'Shopee (Thailand)', 'อาคารสิงห์ คอมเพล็กซ์ ถนนเพชรบุรีตัดใหม่ แขวงบางกะปิ เขตห้วยขวาง กรุงเทพฯ 10310', '0105558025250', '02-017-8399'),
('000008', 'True Corporation', '18 ถนนรัชดาภิเษก แขวงห้วยขวาง เขตห้วยขวาง กรุงเทพฯ 10310', '0107536000234', '02-859-1111'),
('000009', 'TikTok Thailand', 'อาคารปาร์ค สีลม ถนนคอนแวนต์ แขวงสีลม เขตบางรัก กรุงเทพฯ 10500', '0105562016335', '02-034-5678'),
('000010', 'มิตซูบิชิ มอเตอร์ส (ประเทศไทย)', 'นิคมอุตสาหกรรมแหลมฉบัง แขวงทุ่งสุขลา อำเภอศรีราชา จังหวัดชลบุรี 20230', '0105530000551', '038-498-000'),
('000011', 'บริษัท แอดวานซ์ อินโฟร์ เซอร์วิส จำกัด (มหาชน)', '414 ถนนพหลโยธิน แขวงสามเสนใน เขตพญาไท กรุงเทพฯ 10400', '0107535000265', '02-029-5000'),
('000012', 'ธนาคารไทยพาณิชย์ จำกัด (มหาชน)', '9 ถนนรัชดาภิเษก แขวงจตุจักร เขตจตุจักร กรุงเทพฯ 10900', '0107536000102', '02-777-7777'),
('000013', 'บริษัท ซีพี ออลล์ จำกัด (มหาชน)', '313 อาคาร ซี.พี.ทาวเวอร์ ถนนสีลม แขวงสีลม เขตบางรัก กรุงเทพฯ 10500', '0107542000011', '02-071-9000'),
('000014', 'บริษัท การบินไทย จำกัด (มหาชน)', '89 ถนนวิภาวดีรังสิต แขวงจอมพล เขตจตุจักร กรุงเทพฯ 10900', '0107537000028', '02-545-1000'),
('000015', 'บริษัท เซ็นทรัลพัฒนา จำกัด (มหาชน)', '999/9 ถนนพระราม 1 แขวงปทุมวัน เขตปทุมวัน กรุงเทพฯ 10330', '0107537000257', '02-667-5555'),
('000016', 'บริษัท ปูนซีเมนต์นครหลวง จำกัด (มหาชน)', 'อาคารคอลัมน์ทาวเวอร์ ถนนรัชดาภิเษก แขวงคลองเตย เขตคลองเตย กรุงเทพฯ 10110', '0107536000200', '02-797-7000'),
('000017', 'บริษัท บางจาก คอร์ปอเรชั่น จำกัด (มหาชน)', '2098 อาคารเอ็ม ทาวเวอร์ ถนนสุขุมวิท แขวงพระโขนงใต้ เขตพระโขนง กรุงเทพฯ 10260', '0107527000835', '02-335-8888'),
('000018', 'บริษัท พฤกษา เรียลเอสเตท จำกัด (มหาชน)', '1177 อาคารเพิร์ล แบงก์ค็อก ถนนพหลโยธิน แขวงพญาไท เขตพญาไท กรุงเทพฯ 10400', '0107548000072', '02-080-1739'),
('000019', 'บริษัท ไทยเบฟเวอเรจ จำกัด (มหาชน)', '14 ถนนวิภาวดีรังสิต แขวงจอมพล เขตจตุจักร กรุงเทพฯ 10900', '0107546000211', '02-785-5555'),
('000020', 'บริษัท ไมเนอร์ อินเตอร์เนชั่นแนล จำกัด (มหาชน)', '88 อาคารเดอะปาร์ค ถนนรัชดาภิเษก แขวงคลองเตย เขตคลองเตย กรุงเทพฯ 10110', '0107536000919', '02-365-7500'),
('000021', 'ธนาคารกรุงเทพ จำกัด (มหาชน)', '333 ถนนสีลม แขวงสีลม เขตบางรัก กรุงเทพฯ 10500', '0107536000374', '02-231-4333'),
('000022', 'บริษัท แอล.พี.เอ็น.ดีเวลลอปเมนท์ จำกัด (มหาชน)', '1168/7 ถนนพระราม 4 แขวงทุ่งมหาเมฆ เขตสาทร กรุงเทพฯ 10120', '0107537000478', '02-679-8888'),
('000023', 'บริษัท เบอร์ลี่ ยุคเกอร์ จำกัด (มหาชน)', '99 ถนนสุขุมวิท 42 แขวงพระโขนง เขตคลองเตย กรุงเทพฯ 10110', '0107536000293', '02-367-1111'),
('000024', 'บริษัท บีทีเอส กรุ๊ป โฮลดิ้งส์ จำกัด (มหาชน)', '21 ถนนวิภาวดีรังสิต แขวงจอมพล เขตจตุจักร กรุงเทพฯ 10900', '0107536000269', '02-273-8611'),
('000025', 'บริษัท อินทัช โฮลดิ้งส์ จำกัด (มหาชน)', 'อาคารเอ็มเจ็ท ถนนวิภาวดีรังสิต แขวงสนามบิน เขตดอนเมือง กรุงเทพฯ 10210', '0107535000044', '02-118-6900'),
('000026', 'บริษัท ดิจิทัล เวนเจอร์ส จำกัด', '19 อาคารไทยพาณิชย์ ปาร์ค พลาซ่า ถนนรัชดาภิเษก แขวงจตุจักร เขตจตุจักร กรุงเทพฯ 10900', '0105559023455', '02-018-2000'),
('000027', 'บริษัท ไปรษณีย์ไทย จำกัด', '111 ถนนแจ้งวัฒนะ แขวงทุ่งสองห้อง เขตหลักสี่ กรุงเทพฯ 10210', '0105546112462', '02-831-3131'),
('000028', 'บริษัท ท่าอากาศยานไทย จำกัด (มหาชน)', '333 ถนนเชิดวุฒากาศ แขวงสีกัน เขตดอนเมือง กรุงเทพฯ 10210', '0107545000017', '02-535-1111'),
('000029', 'บริษัท กัลฟ์ เอ็นเนอร์จี ดีเวลลอปเมนท์ จำกัด (มหาชน)', '87 อาคารเอ็มไทย ทาวเวอร์ ถนนวิทยุ แขวงลุมพินี เขตปทุมวัน กรุงเทพฯ 10330', '0107560000231', '02-019-3555'),
('000030', 'บริษัท ไออาร์พีซี จำกัด (มหาชน)', '555/2 อาคารเอนเนอร์ยี่คอมเพล็กซ์ ถนนวิภาวดีรังสิต แขวงจตุจักร เขตจตุจักร กรุงเทพฯ 10900', '0107537000052', '02-765-7000'),
('000031', 'บริษัท กรุงเทพดุสิตเวชการ จำกัด (มหาชน)', '2 ถนนวิทยุ แขวงลุมพินี เขตปทุมวัน กรุงเทพฯ 10330', '0107537000025', '02-310-3000'),
('000032', 'บริษัท บ้านปู จำกัด (มหาชน)', '1550 อาคารธนภูมิ ถนนเพชรบุรีตัดใหม่ แขวงมักกะสัน เขตราชเทวี กรุงเทพฯ 10400', '0107536000765', '02-694-6600'),
('000033', 'บริษัท วีจีไอ จำกัด (มหาชน)', '21 ถนนวิภาวดีรังสิต แขวงจอมพล เขตจตุจักร กรุงเทพฯ 10900', '0107541000042', '02-273-8884'),
('000034', 'บริษัท เดอะ มอลล์ กรุ๊ป จำกัด', '144 ถนนรามคำแหง แขวงหัวหมาก เขตบางกะปิ กรุงเทพฯ 10240', '0105524005995', '02-310-1000'),
('000035', 'บริษัท ยูนิคอร์น คอนซัลติ้ง จำกัด', '123 ถนนรัชดาภิเษก แขวงดินแดง เขตดินแดง กรุงเทพฯ 10400', '0105560012345', '02-123-4567'),
('000036', 'บริษัท คิง เพาเวอร์ อินเตอร์เนชั่นแนล จำกัด', '8 ถนนรางน้ำ แขวงถนนพญาไท เขตราชเทวี กรุงเทพฯ 10400', '0105538111241', '02-677-8888'),
('000037', 'บริษัท ไทยออยล์ จำกัด (มหาชน)', '555/1 อาคารเอนเนอร์ยี่คอมเพล็กซ์ ถนนวิภาวดีรังสิต แขวงจตุจักร เขตจตุจักร กรุงเทพฯ 10900', '0107546000041', '02-797-2999'),
('000038', 'บริษัท แลนด์ แอนด์ เฮ้าส์ จำกัด (มหาชน)', '1 ถนนสาทรใต้ แขวงทุ่งมหาเมฆ เขตสาทร กรุงเทพฯ 10120', '0107535000010', '02-343-8900'),
('000039', 'บริษัท โอสถสภา จำกัด (มหาชน)', '348 ถนนรามคำแหง แขวงหัวหมาก เขตบางกะปิ กรุงเทพฯ 10240', '0107561000081', '02-351-1000'),
('000040', 'บริษัท ไทยซัมมิท โอโตพาร์ท อินดัสตรี จำกัด', '4/3 หมู่ 1 ถนนบางนา-ตราด กม.16 ตำบลบางโฉลง อำเภอบางพลี จังหวัดสมุทรปราการ 10540', '0115523000452', '02-325-0505'),
('000041', 'บริษัท บี.กริม เพาเวอร์ จำกัด (มหาชน)', '5 ถนนกรุงเทพกรีฑา แขวงหัวหมาก เขตบางกะปิ กรุงเทพฯ 10240', '0107559000431', '02-710-3000'),
('000042', 'บริษัท เบทาโกร จำกัด (มหาชน)', '323 ถนนวิภาวดีรังสิต แขวงหลักสี่ เขตหลักสี่ กรุงเทพฯ 10210', '0107564000350', '02-833-8000'),
('000043', 'บริษัท ดับบลิวเอชเอ คอร์ปอเรชั่น จำกัด (มหาชน)', '777 อาคารดับบลิวเอชเอ ทาวเวอร์ ถนนเทพรัตน ตำบลบางแก้ว อำเภอบางพลี จังหวัดสมุทรปราการ 10540', '0107555000089', '02-719-9555'),
('000044', 'บริษัท อิออน ธนสินทรัพย์ (ไทยแลนด์) จำกัด (มหาชน)', '388 อาคารเอ็กเชน ทาวเวอร์ ถนนสุขุมวิท แขวงคลองเตย เขตคลองเตย กรุงเทพฯ 10110', '0107537000249', '02-665-0123'),
('000045', 'บริษัท บัตรกรุงไทย จำกัด (มหาชน)', '591 อาคารสมัชชาวาณิช 2 ถนนสุขุมวิท แขวงคลองตันเหนือ เขตวัฒนา กรุงเทพฯ 10110', '0107545000114', '02-123-5000'),
('000046', 'บริษัท ตรีเพชรอีซูซุเซลส์ จำกัด', '1088 ถนนวิภาวดีรังสิต แขวงจตุจักร เขตจตุจักร กรุงเทพฯ 10900', '0105517004453', '02-966-2111'),
('000047', 'บริษัท ไทยยูเนี่ยน กรุ๊ป จำกัด (มหาชน)', '979 อาคารเอส เอ็ม ทาวเวอร์ ถนนพหลโยธิน แขวงพญาไท เขตพญาไท กรุงเทพฯ 10400', '0107537000192', '02-298-0024'),
('000048', 'บริษัท มิวซิกสเปซ จำกัด', '456 ถนนสุขุมวิท แขวงพระโขนง เขตคลองเตย กรุงเทพฯ 10110', '0105561023456', '02-999-8888'),
('000049', 'บริษัท ศรีสวัสดิ์ คอร์ปอเรชั่น จำกัด (มหาชน)', '99/392 ถนนแจ้งวัฒนะ แขวงทุ่งสองห้อง เขตหลักสี่ กรุงเทพฯ 10210', '0107556000400', '02-693-5555'),
('000050', 'บริษัท เจมาร์ท กรุ๊ป โฮลดิ้งส์ จำกัด (มหาชน)', '187 ถนนรามคำแหง แขวงราษฎร์พัฒนา เขตสะพานสูง กรุงเทพฯ 10240', '0107551000461', '02-308-9000'),
('000051', 'บริษัท โฮม โปรดักส์ เซ็นเตอร์ จำกัด (มหาชน)', '31 ถนนประชาชื่นนนทบุรี ตำบลบางเขน อำเภอเมืองนนทบุรี จังหวัดนนทบุรี 11000', '0107538000403', '02-831-6000'),
('000052', 'บริษัท ทีคิวเอ็ม อัลฟ่า จำกัด (มหาชน)', '123 ถนนลาดปลาเค้า แขวงจรเข้บัว เขตลาดพร้าว กรุงเทพฯ 10230', '0107560000109', '02-150-8888'),
('000053', 'บริษัท ดอยคำผลิตภัณฑ์อาหาร จำกัด', '117/1 ถนนพญาไท แขวงถนนเพชรบุรี เขตราชเทวี กรุงเทพฯ 10400', '0105537026776', '02-656-6992'),
('000054', 'บริษัท สหพัฒนพิบูล จำกัด (มหาชน)', '2156 ถนนเพชรบุรีตัดใหม่ แขวงบางกะปิ เขตห้วยขวาง กรุงเทพฯ 10310', '0107537000052', '02-318-0062'),
('000055', 'บริษัท เอ็มเค เรสโตรองต์ กรุ๊ป จำกัด (มหาชน)', '1200 ถนนบางนา-ตราด แขวงบางนา เขตบางนา กรุงเทพฯ 10260', '0107555000178', '02-066-1000'),
('000056', 'บริษัท จีเอ็มเอ็ม แกรมมี่ จำกัด (มหาชน)', '50 อาคารจีเอ็มเอ็ม แกรมมี่ เพลส ถนนสุขุมวิท แขวงคลองเตยเหนือ เขตวัฒนา กรุงเทพฯ 10110', '0107537000958', '02-669-9000'),
('000057', 'บริษัท อาร์เอส จำกัด (มหาชน)', '27 อาคารอาร์เอส กรุ๊ป ถนนประเสริฐมนูกิจ แขวงเสนา เขตจตุจักร กรุงเทพฯ 10900', '0107546000130', '02-037-8888'),
('000058', 'บริษัท เวิร์คพอยท์ เอ็นเทอร์เทนเมนท์ จำกัด (มหาชน)', '99 หมู่ 2 ตำบลบางพูน อำเภอเมืองปทุมธานี จังหวัดปทุมธานี 12000', '0107547000540', '02-833-2000'),
('000059', 'บริษัท ไทยรัฐ ออนไลน์ จำกัด', '1 ถนนวิภาวดีรังสิต แขวงจอมพล เขตจตุจักร กรุงเทพฯ 10900', '0105553012344', '02-127-1000'),
('000060', 'บริษัท มติชน จำกัด (มหาชน)', '12 ถนนเทศบาลนฤมาล แขวงลาดยาว เขตจตุจักร กรุงเทพฯ 10900', '0107536000137', '02-580-0021'),
('000061', 'บริษัท ปตท. สำรวจและผลิตปิโตรเลียม จำกัด (มหาชน)', '555/1 อาคารเอนเนอร์ยี่คอมเพล็กซ์ ถนนวิภาวดีรังสิต แขวงจตุจักร เขตจตุจักร กรุงเทพฯ 10900', '0107535000061', '02-537-4000'),
('000062', 'บริษัท ผลิตไฟฟ้า จำกัด (มหาชน)', '222 ถนนวิภาวดีรังสิต แขวงทุ่งสองห้อง เขตหลักสี่ กรุงเทพฯ 10210', '0107537000869', '02-998-5000'),
('000063', 'บริษัท ราช กรุ๊ป จำกัด (มหาชน)', '8/8 หมู่ 2 ถนนงามวงศ์วาน ตำบลบางเขน อำเภอเมืองนนทบุรี จังหวัดนนทบุรี 11000', '0107543000041', '02-794-9999'),
('000064', 'บริษัท แพลน บี มีเดีย จำกัด (มหาชน)', '1213/420 ถนนลาดพร้าว แขวงพลับพลา เขตวังทองหลาง กรุงเทพฯ 10310', '0107556000507', '02-530-8053'),
('000065', 'บริษัท อนันดา ดีเวลลอปเม้นท์ จำกัด (มหาชน)', '99/9 ถนนเพชรบุรีตัดใหม่ แขวงบางกะปิ เขตห้วยขวาง กรุงเทพฯ 10310', '0107554000171', '02-056-2000'),
('000066', 'บริษัท แสนสิริ จำกัด (มหาชน)', '59 ถนนวิทยุ แขวงลุมพินี เขตปทุมวัน กรุงเทพฯ 10330', '0107538000454', '02-027-7888'),
('000067', 'บริษัท เอพี (ไทยแลนด์) จำกัด (มหาชน)', '170/57 ถนนรัชดาภิเษก แขวงคลองเตย เขตคลองเตย กรุงเทพฯ 10110', '0107537000524', '02-261-2518'),
('000068', 'บริษัท ศุภาลัย จำกัด (มหาชน)', '1011 ถนนพระราม 3 แขวงช่องนนทรี เขตยานนาวา กรุงเทพฯ 10120', '0107535000303', '02-725-8888'),
('000069', 'บริษัท ควอลิตี้เฮ้าส์ จำกัด (มหาชน)', '1 ถนนสาทรใต้ แขวงทุ่งมหาเมฆ เขตสาทร กรุงเทพฯ 10120', '0107536000579', '02-677-7000'),
('000070', 'บริษัท นามยง เทอร์มินัล จำกัด (มหาชน)', '1168/52 ถนนพระราม 4 แขวงทุ่งมหาเมฆ เขตสาทร กรุงเทพฯ 10120', '0107555000143', '02-679-7357'),
('000071', 'บริษัท สยามแม็คโคร จำกัด (มหาชน)', '1468 ถนนพัฒนาการ แขวงพัฒนาการ เขตสวนหลวง กรุงเทพฯ 10250', '0107537000521', '02-067-8999'),
('000072', 'บริษัท บิ๊กซี ซูเปอร์เซ็นเตอร์ จำกัด (มหาชน)', '97/11 ถนนราชดำริ แขวงลุมพินี เขตปทุมวัน กรุงเทพฯ 10330', '0107536000633', '02-250-4921'),
('000073', 'บริษัท เอก-ชัย ดีสทริบิวชั่น ซิสเทม จำกัด (Lotus)', '629/1 ถนนนวมินทร์ แขวงนวลจันทร์ เขตบึงกุ่ม กรุงเทพฯ 10230', '0105536137251', '02-797-9000'),
('000074', 'บริษัท สยามพิวรรธน์ จำกัด', '989 ถนนพระราม 1 แขวงปทุมวัน เขตปทุมวัน กรุงเทพฯ 10330', '0105502000452', '02-610-8000'),
('000075', 'บริษัท ยูนิคอร์น ดิจิทัล โซลูชั่น จำกัด', '789 ถนนพหลโยธิน แขวงพญาไท เขตพญาไท กรุงเทพฯ 10400', '0105564012345', '02-888-9999'),
('000076', 'บริษัท บุญรอดบริวเวอรี่ จำกัด', '999 ถนนสามเสน แขวงถนนนครไชยศรี เขตดุสิต กรุงเทพฯ 10300', '0105500001401', '02-242-4000'),
('000077', 'บริษัท ไทยน้ำทิพย์ จำกัด', '214 ถนนวิภาวดีรังสิต แขวงทุ่งสองห้อง เขตหลักสี่ กรุงเทพฯ 10210', '0105502000541', '02-984-2000'),
('000078', 'บริษัท เสริมสุข จำกัด (มหาชน)', '90 ถนนรัชดาภิเษก แขวงห้วยขวาง เขตห้วยขวาง กรุงเทพฯ 10310', '0107537000036', '02-783-9000'),
('000079', 'บริษัท โออิชิ กรุ๊ป จำกัด (มหาชน)', '57 อาคารพาร์คเวนเชอร์ ถนนวิทยุ แขวงลุมพินี เขตปทุมวัน กรุงเทพฯ 10330', '0107547000159', '02-785-8888'),
('000080', 'บริษัท อิชิตัน กรุ๊ป จำกัด (มหาชน)', '8 ถนนสุขุมวิท 55 แขวงคลองตันเหนือ เขตวัฒนา กรุงเทพฯ 10110', '0107553000218', '02-714-8000'),
('000081', 'บริษัท คาราบาวกรุ๊ป จำกัด (มหาชน)', '393 ถนนสีลม แขวงสีลม เขตบางรัก กรุงเทพฯ 10500', '0107556000353', '02-636-6111'),
('000082', 'บริษัท เจริญโภคภัณฑ์อาหาร จำกัด (มหาชน)', '313 อาคาร ซี.พี.ทาวเวอร์ ถนนสีลม แขวงสีลม เขตบางรัก กรุงเทพฯ 10500', '0107537000044', '02-766-8000'),
('000083', 'บริษัท จีเอฟพีที จำกัด (มหาชน)', '312 ถนนพระราม 2 แขวงบางมด เขตจอมทอง กรุงเทพฯ 10150', '0107537000150', '02-473-8000'),
('000084', 'บริษัท สยามซิตี้ประกันภัย จำกัด (มหาชน)', '109 ถนนรัชดาภิเษก แขวงดินแดง เขตดินแดง กรุงเทพฯ 10400', '0107555000234', '02-123-1000'),
('000085', 'บริษัท วิริยะประกันภัย จำกัด (มหาชน)', '121 ถนนรัชดาภิเษก แขวงดินแดง เขตดินแดง กรุงเทพฯ 10400', '0107555000123', '02-129-8888'),
('000086', 'บริษัท ทิพยประกันภัย จำกัด (มหาชน)', '1115 ถนนพระราม 3 แขวงช่องนนทรี เขตยานนาวา กรุงเทพฯ 10120', '0107537000452', '02-239-2233'),
('000087', 'บริษัท เมืองไทยประกันชีวิต จำกัด (มหาชน)', '250 ถนนรัชดาภิเษก แขวงห้วยขวาง เขตห้วยขวาง กรุงเทพฯ 10310', '0107555000038', '02-274-9400'),
('000088', 'บริษัท เอไอเอ จำกัด', '181 ถนนสุรวงศ์ แขวงสุริยวงศ์ เขตบางรัก กรุงเทพฯ 10500', '0105500000011', '02-634-8888'),
('000089', 'บริษัท กรุงเทพประกันชีวิต จำกัด (มหาชน)', '1415 ถนนพระราม 4 แขวงลุมพินี เขตปทุมวัน กรุงเทพฯ 10330', '0107550000121', '02-777-8888'),
('000090', 'บริษัท ไทยสมุทรประกันชีวิต จำกัด', '170/74 ถนนรัชดาภิเษก แขวงคลองเตย เขตคลองเตย กรุงเทพฯ 10110', '0105500000521', '02-225-0033'),
('000091', 'บริษัท ปัญญากรุ๊ป จำกัด', '55 ถนนสุขุมวิท แขวงพระโขนง เขตคลองเตย กรุงเทพฯ 10110', '0105565012345', '02-111-2222'),
('000092', 'บริษัท นามะรุ จำกัด', '88 ถนนพหลโยธิน แขวงสามเสนใน เขตพญาไท กรุงเทพฯ 10400', '0105566012345', '02-333-4444'),
('000093', 'บริษัท สมาร์ทเทค โซลูชั่น จำกัด', '99 ถนนเพชรบุรี แขวงถนนเพชรบุรี เขตราชเทวี กรุงเทพฯ 10400', '0105567012345', '02-555-6666'),
('000094', 'บริษัท ก้าวหน้า ดีไซน์ จำกัด', '123 ถนนจรัญสนิทวงศ์ แขวงบางพลัด เขตบางพลัด กรุงเทพฯ 10700', '0105568012345', '02-777-8899'),
('000095', 'บริษัท มั่นคง เคมีคอล จำกัด', '202 ถนนพระราม 2 แขวงบางมด เขตจอมทอง กรุงเทพฯ 10150', '0105569012345', '02-999-0000'),
('000096', 'บริษัท รุ่งเรือง การค้า จำกัด', '14 ถนนรามคำแหง แขวงหัวหมาก เขตบางกะปิ กรุงเทพฯ 10240', '0105570012345', '02-123-9999'),
('000097', 'บริษัท ยอดเยี่ยม วิศวกรรม จำกัด', '33 ถนนงามวงศ์วาน แขวงลาดยาว เขตจตุจักร กรุงเทพฯ 10900', '0105571012345', '02-444-5555'),
('000098', 'บริษัท พลังงานบริสุทธิ์ จำกัด (มหาชน)', '89 อาคารเอไอเอ แคปปิตอล เซ็นเตอร์ ถนนรัชดาภิเษก แขวงดินแดง เขตดินแดง กรุงเทพฯ 10400', '0107551000061', '02-248-2488'),
('000099', 'บริษัท บีซีพีจี จำกัด (มหาชน)', '2098 อาคารเอ็ม ทาวเวอร์ ถนนสุขุมวิท แขวงพระโขนงใต้ เขตพระโขนง กรุงเทพฯ 10260', '0107558000407', '02-335-8999'),
('000100', 'บริษัท ยูไนเต็ด แอนนาลิสต์ แอนด์ แอนจิเนียริ่ง คอนซัลแตนท์ จำกัด', '3 ซอยอุดมสุข 41 ถนนสุขุมวิท แขวงบางจาก เขตพระโขนง กรุงเทพฯ 10260', '0105533000111', '02-763-2828');

INSERT INTO `internship_request` 
(`student_id`, `company_id`, `start_date`, `end_date`, `status_code`, `advisor_note`, `editor`) 
VALUES
('66101010101', '000001',  '2026-06-01', '2026-08-31', 1, null, null),
('66101010102', '000002',  '2026-06-01', '2026-08-31', 1, null, null),
('66101010103', '000003',  '2026-06-15', '2026-09-15', 1, null, null),
('66101010104', '000004',  '2026-06-01', '2026-08-31', 1, null, null),
('66101010105', '000005',  '2026-06-01', '2026-08-31', 1, null, null),
('66101010106', '000006',  '2026-06-01', '2026-08-31', 1, null, null),
('66101010107', '000007',  '2026-06-01', '2026-08-31', 1, null, null),
('66101010108', '000008',  '2026-08-31', '2026-08-31', 1, null, null),
('66101010109', '000009',  '2026-10-31', '2026-08-31', 1, null, null),
('66101010110', '000010',  '2026-06-01', '2026-08-31', 1, null, null);